<?xml version="1.0" encoding="UTF-8"?>
<!DOCTYPE suite SYSTEM "http://testng.org/testng-1.0.dtd">
<suite name="All Test Suite">
    <test verbose="2" preserve-order="true" name="C:/Users/P0104547/IdeaProjects/OppenheimerProjectDev">
        <classes>
            <class name="testCases.TC_OppenheimerProjectDev">
                <methods>
                    <include name="test_insertSingle_classHero"/>
                    <include name="test_insertMultiple_classHero"/>
                    <include name="test_uploadLargeFileUsingApi"/>
                    <include name="test_uploadLargeFileUsingPortal"/>
                    <include name="test_getNatid"/>
                    <include name="test_getTaxRelief"/>
                    <include name="verifyDispenseButtonColor"/>
                    <include name="verifyDispenseNowButton"/>
                    <include name="userClickOnDispenseNow"/>
                </methods>
            </class>
        </classes>
    </test>
</suite>